N,x,h1,h2,h3,h4,h5
0, 0.000000, 149.680054, 149.777054, 142.113602, 139.009399, 152.008194
1, 2.599860, 144.732758, 146.381851, 138.524384, 135.226181, 147.157898
2, 5.199720, 139.106415, 142.889648, 134.741150, 132.024979, 142.598618
3, 7.799580, 133.286057, 137.457306, 130.181870, 129.890854, 139.106415
4, 10.399440, 126.495651, 130.472885, 126.786667, 128.241760, 136.487259
5, 12.999300, 119.802246, 125.137566, 124.555534, 127.077682, 135.032166
6, 15.599159, 113.981895, 121.839371, 124.458527, 126.495651, 133.771088
7, 18.199020, 112.526802, 119.608231, 123.294456, 126.398643, 133.189056
8, 20.798880, 113.787880, 117.571114, 123.294456, 126.592659, 132.315994
9, 23.398739, 116.213028, 117.474106, 124.167511, 126.398643, 131.830978
10, 25.998600, 117.183090, 118.541168, 127.368706, 126.204636, 131.636963
11, 28.598459, 117.765121, 119.899254, 129.987854, 126.689659, 132.413010
12, 31.198318, 117.571114, 120.772301, 131.442947, 129.017807, 133.577072
13, 33.798180, 117.765121, 121.548347, 131.442947, 131.248932, 135.517197
14, 36.398041, 118.444160, 123.391464, 130.763901, 133.092056, 137.554321
15, 38.997898, 120.675301, 124.070503, 129.308823, 132.607025, 139.882462
16, 41.597759, 123.100441, 124.458527, 126.786667, 132.607025, 141.628571
17, 44.197620, 125.719604, 121.257332, 123.779488, 134.547134, 143.374664
18, 46.797478, 128.241760, 118.735184, 122.130386, 138.815399, 144.829758
19, 49.397339, 130.666901, 115.242966, 122.421402, 142.986649, 146.090836
20, 51.997200, 132.801025, 115.048958, 123.488464, 144.344727, 147.157898
21, 54.597057, 134.644150, 116.310036, 124.361519, 143.859695, 147.739929
22, 57.196918, 136.196243, 119.608231, 125.428589, 143.374664, 147.351913
23, 59.796780, 137.069290, 123.294456, 128.241760, 143.374664, 145.799820
24, 62.396637, 137.651321, 126.107628, 131.345947, 143.665695, 143.471680
25, 64.996498, 137.166290, 126.980682, 133.965103, 143.568680, 140.949524
26, 67.596359, 135.905212, 126.398643, 135.226181, 143.471680, 138.718384
27, 70.196220, 133.771088, 125.622597, 135.711212, 143.471680, 136.681259
28, 72.796082, 133.286057, 127.368706, 135.711212, 142.792633, 134.741150
29, 75.395935, 133.965103, 128.823792, 134.838150, 141.143539, 132.704025
30, 77.995796, 135.226181, 130.375885, 133.577072, 138.136353, 130.957916
31, 80.595657, 135.517197, 130.181870, 131.830978, 134.644150, 129.599838
32, 83.195518, 135.808212, 130.375885, 130.472885, 131.054932, 128.823792
33, 85.795380, 137.166290, 129.987854, 128.629776, 127.950737, 128.823792
34, 88.395241, 139.494431, 129.308823, 126.980682, 125.137566, 129.502838
35, 90.995102, 140.173477, 127.562714, 124.652542, 123.003441, 130.375885
36, 93.594955, 140.173477, 126.398643, 122.518410, 121.354340, 130.763901
37, 96.194817, 138.136353, 125.816612, 120.384277, 120.578293, 129.793854
38, 98.794678, 136.584259, 126.010620, 119.414223, 119.802246, 128.629776
39, 101.394539, 133.480072, 125.719604, 118.735184, 119.317215, 127.077682
40, 103.994400, 131.054932, 125.428589, 119.220207, 118.832184, 126.301636
41, 106.594261, 128.629776, 125.719604, 120.093262, 119.608231, 125.234573
42, 109.194115, 127.756729, 126.495651, 122.324394, 121.548347, 124.943558
43, 111.793976, 127.368706, 127.271698, 124.943558, 124.555534, 125.234573
44, 114.393837, 128.047745, 127.562714, 126.786667, 127.562714, 126.398643
45, 116.993698, 129.017807, 127.659721, 127.465706, 129.890854, 127.659721
46, 119.593559, 130.763901, 128.532776, 127.368706, 131.830978, 128.629776
47, 122.193420, 132.704025, 129.890854, 127.271698, 133.480072, 129.308823
48, 124.793274, 134.450134, 131.539948, 127.368706, 134.547134, 129.599838
49, 127.393135, 135.517197, 132.413010, 127.465706, 135.129166, 129.599838
50, 129.992996, 136.099228, 132.607025, 127.562714, 135.129166, 128.920792
51, 132.592865, 136.293243, 132.704025, 127.465706, 134.838150, 127.950737
52, 135.192719, 136.584259, 133.092056, 127.756729, 134.159119, 126.786667
53, 137.792572, 136.487259, 133.383072, 128.532776, 133.577072, 125.622597
54, 140.392441, 137.069290, 133.674088, 129.405823, 133.189056, 124.361519
55, 142.992294, 137.554321, 133.286057, 129.599838, 132.801025, 123.100441
56, 145.592163, 138.136353, 132.898041, 128.823792, 132.024979, 122.227394
57, 148.192017, 138.136353, 131.927979, 127.756729, 131.151932, 121.645355
58, 150.791870, 138.136353, 131.636963, 127.077682, 130.375885, 121.451347
59, 153.391739, 138.039352, 131.151932, 126.883675, 129.405823, 121.451347
60, 155.991592, 138.039352, 131.733963, 126.883675, 128.435760, 121.645355
61, 158.591461, 137.845337, 132.413010, 126.786667, 127.465706, 122.130386
62, 161.191315, 138.136353, 133.286057, 126.786667, 126.398643, 123.779488
63, 163.791183, 138.136353, 134.062103, 126.689659, 125.622597, 126.010620
64, 166.391037, 137.554321, 134.838150, 126.883675, 124.749542, 127.659721
65, 168.990891, 135.517197, 135.323181, 127.174690, 124.652542, 127.368706
66, 171.590759, 133.480072, 135.129166, 127.562714, 124.749542, 127.077682
67, 174.190613, 131.248932, 133.674088, 127.853729, 125.622597, 126.592659
68, 176.790482, 129.017807, 131.636963, 128.629776, 126.495651, 127.950737
69, 179.390335, 125.234573, 129.405823, 129.599838, 127.659721, 128.823792
70, 181.990204, 122.130386, 128.047745, 130.472885, 128.823792, 130.181870
71, 184.590057, 119.705238, 128.338760, 131.442947, 130.278885, 129.987854
72, 187.189911, 119.511230, 129.114807, 132.607025, 130.860916, 129.890854
73, 189.789780, 120.869308, 130.084869, 134.450134, 130.860916, 129.793854
74, 192.389633, 125.040565, 132.315994, 136.002228, 129.793854, 130.472885
75, 194.989502, 131.248932, 136.002228, 136.778275, 128.920792, 130.472885
76, 197.589355, 137.457306, 138.912399, 136.972290, 127.950737, 130.181870
77, 200.189209, 141.628571, 138.136353, 137.263306, 127.756729, 130.084869
78, 202.789078, 143.277664, 135.711212, 137.748337, 128.629776, 131.539948
79, 205.388931, 143.762695, 134.353119, 137.554321, 130.666901, 131.927979
80, 207.988800, 143.180664, 133.383072, 136.002228, 133.092056, 131.442947
81, 210.588654, 141.240540, 130.957916, 134.159119, 134.450134, 128.047745
82, 213.188522, 138.039352, 127.659721, 132.607025, 135.614197, 125.137566
83, 215.788376, 134.644150, 125.913612, 132.218994, 136.099228, 122.324394
84, 218.388229, 131.830978, 125.622597, 131.636963, 136.584259, 121.451347
85, 220.988098, 129.793854, 125.816612, 131.248932, 136.487259, 121.645355
86, 223.587952, 128.629776, 126.495651, 131.054932, 136.390244, 123.391464
87, 226.187820, 128.726791, 127.659721, 131.442947, 136.293243, 124.846550
88, 228.787674, 130.084869, 128.726791, 132.413010, 136.293243, 126.107628
89, 231.387543, 131.636963, 129.308823, 133.189056, 136.293243, 126.398643
90, 233.987396, 133.189056, 129.890854, 134.062103, 136.293243, 126.495651
91, 236.587250, 134.547134, 130.666901, 134.450134, 135.905212, 126.204636
92, 239.187119, 135.905212, 131.442947, 134.741150, 135.420197, 125.816612
93, 241.786972, 137.069290, 132.024979, 134.741150, 134.935165, 125.816612
94, 244.386841, 137.457306, 132.218994, 134.838150, 135.323181, 126.301636
95, 246.986694, 137.457306, 131.636963, 134.741150, 135.614197, 126.883675
96, 249.586548, 136.972290, 130.860916, 134.644150, 136.099228, 128.144745
97, 252.186417, 136.681259, 130.278885, 134.353119, 135.808212, 129.017807
98, 254.786270, 136.487259, 128.726791, 134.256119, 135.420197, 130.084869
99, 257.386139, 136.293243, 125.719604, 134.353119, 134.159119, 129.987854
100, 259.985992, 135.905212, 122.324394, 135.032166, 133.189056, 128.920792
101, 262.585846, 135.323181, 120.481285, 135.517197, 132.801025, 125.525589
102, 265.185730, 134.644150, 120.772301, 135.032166, 133.189056, 121.063324
103, 267.785583, 133.965103, 120.578293, 132.704025, 133.868103, 119.317215
104, 270.385437, 133.674088, 121.645355, 129.114807, 134.644150, 121.063324
105, 272.985291, 133.965103, 123.391464, 125.137566, 135.420197, 125.137566
106, 275.585144, 134.838150, 125.719604, 121.063324, 135.905212, 127.659721
107, 278.185028, 135.808212, 125.913612, 117.571114, 136.002228, 130.278885
108, 280.784882, 136.972290, 124.361519, 115.436981, 136.293243, 134.547134
109, 283.384735, 137.651321, 123.391464, 114.660934, 136.584259, 139.300430
110, 285.984589, 138.136353, 123.488464, 114.272911, 136.196243, 142.695633
111, 288.584442, 138.136353, 124.652542, 116.019020, 134.159119, 142.113602
112, 291.184326, 138.039352, 125.913612, 121.257332, 132.121994, 139.882462
113, 293.784180, 137.457306, 128.920792, 129.793854, 129.987854, 136.972290
114, 296.384033, 136.196243, 132.898041, 132.510010, 129.502838, 135.129166
115, 298.983887, 134.256119, 136.390244, 129.502838, 129.211807, 134.353119
116, 301.583740, 132.510010, 136.390244, 121.354340, 130.375885, 134.644150
117, 304.183624, 130.860916, 134.256119, 117.571114, 131.054932, 134.838150
118, 306.783478, 129.405823, 132.510010, 115.339973, 131.345947, 134.450134
119, 309.383331, 127.562714, 131.151932, 115.339973, 129.502838, 133.868103
120, 311.983185, 127.465706, 129.696838, 114.660934, 127.368706, 133.868103
121, 314.583069, 128.144745, 125.040565, 114.175903, 125.040565, 134.256119
122, 317.182922, 129.696838, 122.615417, 112.623810, 123.294456, 133.189056
123, 319.782776, 129.308823, 121.257332, 109.616631, 121.742363, 131.636963
124, 322.382629, 127.562714, 122.033379, 107.385490, 120.966316, 129.793854
125, 324.982483, 124.070503, 120.190269, 107.385490, 121.160324, 129.987854
126, 327.582367, 122.033379, 118.929192, 110.683693, 121.645355, 129.987854
127, 330.182220, 121.451347, 119.608231, 114.369919, 122.033379, 130.181870
128, 332.782074, 122.227394, 121.839371, 117.571114, 122.130386, 129.308823
129, 335.381927, 121.257332, 122.324394, 119.802246, 122.712418, 129.017807
130, 337.981781, 119.705238, 120.190269, 121.839371, 123.391464, 128.532776
131, 340.581665, 118.347160, 117.959137, 123.100441, 125.234573, 128.532776
132, 343.181519, 119.026199, 116.601051, 123.100441, 126.592659, 128.726791
133, 345.781372, 120.966316, 116.601051, 121.936371, 127.077682, 128.629776
134, 348.381226, 122.518410, 116.407043, 120.578293, 125.525589, 129.017807
135, 350.981079, 123.391464, 116.310036, 119.899254, 124.458527, 129.114807
136, 353.580963, 123.294456, 116.310036, 120.287277, 124.361519, 130.763901
137, 356.180817, 123.488464, 116.601051, 121.548347, 125.719604, 132.413010
138, 358.780670, 123.876488, 117.377098, 124.167511, 126.786667, 134.159119
139, 361.380524, 124.749542, 118.153145, 128.047745, 128.241760, 134.644150
140, 363.980408, 125.040565, 119.317215, 131.345947, 129.696838, 135.420197
141, 366.580261, 124.555534, 120.578293, 131.830978, 131.539948, 137.457306
142, 369.180115, 123.585472, 121.839371, 129.017807, 132.898041, 140.658508
143, 371.779968, 122.809425, 123.197449, 126.107628, 133.286057, 141.531555
144, 374.379822, 123.391464, 124.652542, 125.040565, 133.189056, 139.203415
145, 376.979706, 124.458527, 126.107628, 126.301636, 132.898041, 134.450134
146, 379.579559, 126.204636, 128.047745, 128.629776, 132.121994, 130.375885
147, 382.179413, 127.853729, 129.502838, 129.696838, 130.569901, 127.174690
148, 384.779266, 129.696838, 131.151932, 130.763901, 128.435760, 124.458527
149, 387.379120, 130.957916, 131.830978, 131.054932, 127.756729, 122.227394
150, 389.979004, 131.054932, 132.121994, 131.151932, 128.338760, 120.675301
151, 392.578857, 130.375885, 131.927979, 128.435760, 129.599838, 120.190269
152, 395.178711, 129.696838, 132.607025, 124.943558, 130.181870, 120.287277
153, 397.778564, 129.211807, 133.868103, 122.615417, 130.181870, 120.869308
154, 400.378418, 128.435760, 135.420197, 123.003441, 129.211807, 121.645355
155, 402.978302, 127.465706, 135.226181, 124.264519, 127.465706, 122.130386
156, 405.578156, 126.689659, 134.741150, 125.040565, 125.525589, 122.130386
157, 408.178009, 126.107628, 134.159119, 125.137566, 123.973495, 121.548347
158, 410.777863, 125.622597, 134.838150, 125.137566, 122.906433, 120.966316
159, 413.377747, 125.040565, 134.256119, 125.234573, 122.130386, 120.772301
160, 415.977600, 124.264519, 132.704025, 124.846550, 120.869308, 121.257332
161, 418.577454, 123.585472, 130.472885, 124.070503, 119.608231, 122.130386
162, 421.177307, 122.615417, 128.241760, 122.615417, 118.929192, 123.488464
163, 423.777161, 121.451347, 126.107628, 121.451347, 118.638176, 125.331581
164, 426.377045, 120.384277, 123.585472, 120.772301, 118.638176, 127.756729
165, 428.976898, 119.705238, 121.839371, 120.578293, 117.765121, 130.569901
166, 431.576752, 119.317215, 120.675301, 120.384277, 116.989075, 134.062103
167, 434.176605, 118.541168, 120.384277, 119.996254, 116.989075, 138.233353
168, 436.776459, 117.571114, 121.063324, 119.511230, 118.153145, 142.986649
169, 439.376343, 116.989075, 122.712418, 119.026199, 119.802246, 147.836945
170, 441.976196, 117.280090, 125.040565, 118.735184, 121.548347, 151.620163
171, 444.576050, 117.571114, 127.368706, 118.638176, 123.197449, 154.239334
172, 447.175903, 116.407043, 128.920792, 118.735184, 125.137566, 155.985428
173, 449.775757, 113.108841, 129.599838, 118.735184, 127.077682, 157.731537
174, 452.375641, 107.967529, 129.502838, 118.541168, 128.726791, 158.992615
175, 454.975494, 102.050171, 128.144745, 118.347160, 129.308823, 159.574646
176, 457.575348, 95.065750, 125.428589, 118.347160, 129.211807, 159.283630
177, 460.175201, 87.014259, 120.869308, 118.444160, 128.435760, 158.216568
178, 462.775085, 77.992714, 114.466919, 118.250153, 127.853729, 156.276443
179, 465.374939, 68.001114, 106.415436, 117.959137, 127.271698, 153.754303
180, 467.974792, 58.494537, 97.878922, 117.571114, 127.271698, 151.038132
181, 470.574646, 50.637062, 90.021446, 117.571114, 127.368706, 148.224960
182, 473.174500, 45.010723, 83.813072, 117.183090, 127.465706, 144.829758
183, 475.774384, 40.548450, 78.865768, 116.601051, 128.047745, 141.531555
184, 478.374237, 37.444263, 75.761581, 115.339973, 128.823792, 138.621384
185, 480.974091, 36.474205, 73.724457, 113.108841, 129.793854, 136.584259
186, 483.573944, 37.735283, 73.724457, 110.004654, 130.569901, 134.644150
187, 486.173798, 40.645458, 74.791527, 106.027412, 131.248932, 133.965103
188, 488.773682, 43.652641, 77.119667, 101.080116, 132.121994, 134.256119
189, 491.373535, 46.271797, 78.089722, 93.804672, 132.607025, 134.838150
190, 493.973389, 48.793949, 77.798706, 84.395103, 132.315994, 134.838150
191, 496.573242, 51.510117, 76.246613, 74.500504, 130.763901, 133.286057
192, 499.173096, 54.420292, 75.470566, 65.963989, 127.465706, 130.957916
193, 501.772980, 56.166397, 74.791527, 59.658607, 122.227394, 126.301636
194, 504.372833, 56.651424, 74.403496, 55.293343, 115.436981, 119.317215
195, 506.972687, 55.584362, 72.463379, 51.413109, 107.094475, 110.101662
196, 509.572540, 53.838257, 69.553207, 48.211914, 97.878922, 99.819038
197, 512.172424, 51.704128, 65.963989, 45.010723, 88.081329, 89.245399
198, 514.772278, 50.346046, 63.926865, 44.428688, 78.477745, 79.835831
199, 517.372131, 49.764011, 63.926865, 45.980782, 69.456200, 72.075356
200, 519.971985, 50.540058, 64.702911, 48.793949, 60.628666, 65.381950
201, 522.571838, 52.092152, 64.799919, 51.219097, 53.547237, 58.106514
202, 525.171692, 54.323284, 63.441837, 51.995144, 48.308922, 51.510117
203, 527.771545, 57.330467, 60.628666, 51.995144, 46.562817, 46.562817
204, 530.371460, 58.882561, 56.360409, 51.413109, 47.532875, 44.040665
205, 532.971313, 59.367592, 51.316105, 51.510117, 51.995144, 42.585575
206, 535.571167, 57.815495, 46.465809, 53.159214, 59.755615, 41.518513
207, 538.171021, 55.972385, 42.488571, 55.875378, 70.523262, 40.451447
208, 540.770874, 53.741249, 38.802345, 59.076572, 82.454987, 39.675400
209, 543.370728, 51.025085, 36.377201, 62.374771, 92.834618, 39.384380
210, 545.970581, 48.599937, 34.728100, 65.478958, 100.013046, 39.578392
211, 548.570435, 46.368805, 34.922112, 70.038239, 104.960350, 40.451447
212, 551.170288, 45.010723, 36.474205, 75.082542, 108.743576, 42.197552
213, 553.770142, 44.525692, 39.190369, 81.096901, 112.138779, 44.137669
214, 556.370056, 45.786770, 43.070606, 86.529236, 113.981895, 45.495750
215, 558.969910, 48.114910, 47.047844, 90.700485, 112.914825, 45.689762
216, 561.569763, 50.637062, 51.219097, 93.319641, 108.452560, 45.301739
217, 564.169617, 52.771191, 56.166397, 94.871735, 103.020233, 45.301739
218, 566.769470, 53.935261, 62.568783, 96.132813, 98.751968, 46.756828
219, 569.369324, 55.487354, 69.359192, 96.423828, 96.908859, 51.025085
220, 571.969177, 56.942444, 74.306496, 94.580719, 95.356766, 56.942444
221, 574.569031, 56.942444, 74.306496, 89.924438, 92.058571, 63.441837
222, 577.168884, 53.353226, 69.553207, 83.231033, 87.402283, 69.068176
223, 579.768799, 46.174793, 61.501720, 75.858589, 82.746002, 75.567574
224, 582.368652, 37.929295, 54.129272, 69.553207, 79.156784, 82.940018
225, 584.968506, 30.362837, 48.793949, 65.381950, 74.985535, 90.409470
226, 587.568359, 24.833502, 45.980782, 62.859802, 70.038239, 96.132813
227, 590.168213, 20.468237, 43.458630, 61.598724, 64.120880, 99.528023
228, 592.768066, 17.752073, 40.548450, 59.949627, 59.755615, 100.013046
229, 595.367920, 15.714951, 37.638275, 58.494537, 57.330467, 98.557961
230, 597.967773, 15.714951, 36.377201, 57.330467, 55.487354, 95.841797
231, 600.567627, 16.685009, 36.959236, 56.845436, 51.898140, 93.901680
232, 603.167480, 19.692190, 39.384380, 55.875378, 45.980782, 91.573540
233, 605.767395, 23.475420, 42.003540, 53.935261, 39.190369, 88.663361
234, 608.367249, 27.646671, 44.622700, 51.025085, 32.884987, 84.007080
235, 610.967102, 31.429901, 45.495750, 46.853832, 27.743677, 77.701698
236, 613.566956, 34.534088, 45.786770, 42.391563, 23.087397, 69.747215
237, 616.166809, 36.086182, 45.398746, 37.541271, 18.431114, 60.725674
238, 618.766663, 35.989178, 45.010723, 33.564030, 13.871839, 51.801132
239, 621.366516, 33.855049, 43.458630, 30.459843, 10.088610, 42.876595
240, 623.966370, 30.459843, 40.742462, 28.325712, 7.469452, 34.049061
241, 626.566223, 26.288589, 36.571213, 26.967630, 5.820352, 25.803560
242, 629.166138, 22.020332, 31.332895, 25.318531, 4.850293, 18.722132
243, 631.765991, 18.237103, 25.900566, 22.796379, 4.850293, 13.483815
244, 634.365845, 14.938904, 20.662249, 19.207161, 5.529335, 9.603580
245, 636.965698, 12.804774, 16.685009, 15.326927, 6.402387, 7.178434
246, 639.565552, 11.349687, 12.901780, 12.028728, 6.790411, 5.626340
247, 642.165405, 10.282621, 9.700586, 9.603580, 7.275440, 4.753287
248, 644.765259, 8.924540, 6.499393, 8.051487, 7.857475, 4.171252
249, 647.365112, 7.469452, 4.365264, 6.596399, 8.439510, 4.171252
250, 649.964966, 6.402387, 2.910176, 5.529335, 8.633522, 4.462270
251, 652.564819, 5.917358, 2.522152, 4.462270, 8.051487, 5.044305
252, 655.164734, 5.820352, 2.328141, 3.686223, 7.469452, 6.111370
253, 657.764587, 5.723346, 2.328141, 2.910176, 6.790411, 6.887416
254, 660.364441, 5.723346, 2.328141, 2.522152, 6.596399, 8.051487
255, 662.964294, 5.529335, 2.910176, 2.328141, 6.402387, 9.021545
256, 665.564148, 5.238317, 3.589217, 2.425147, 6.402387, 10.476634
257, 668.164001, 4.850293, 4.074246, 2.910176, 6.305381, 11.737710
258, 670.763855, 4.656281, 4.171252, 3.686223, 6.111370, 13.192798
259, 673.363708, 4.462270, 4.268258, 4.947299, 6.111370, 14.259862
260, 675.963562, 4.656281, 4.656281, 5.917358, 6.499393, 14.744892
261, 678.563477, 5.044305, 5.044305, 7.372446, 7.372446, 14.356868
262, 681.163330, 5.820352, 5.820352, 8.730528, 8.148493, 12.901780
263, 683.763184, 6.499393, 6.208375, 10.185616, 8.730528, 10.961663
264, 686.363037, 7.275440, 6.402387, 10.670646, 8.536516, 8.633522
265, 688.962891, 7.663464, 6.111370, 10.282621, 7.857475, 6.305381
266, 691.562744, 8.439510, 6.014364, 9.215557, 6.790411, 4.074246
267, 694.162598, 8.730528, 5.820352, 7.954481, 5.626340, 2.231135
268, 696.762451, 9.312563, 5.917358, 6.790411, 4.850293, 1.358082
269, 699.362305, 9.312563, 5.626340, 5.529335, 4.268258, 1.164070
270, 701.962158, 9.312563, 5.044305, 3.977241, 4.171252, 1.358082
271, 704.562073, 8.924540, 3.977241, 2.716164, 4.074246, 1.358082
272, 707.161926, 8.536516, 3.007182, 1.843112, 4.171252, 1.552094
273, 709.761780, 7.954481, 2.134129, 1.552094, 4.171252, 1.843112
274, 712.361633, 7.857475, 1.746106, 1.358082, 4.268258, 2.328141
275, 714.961487, 7.663464, 1.552094, 1.358082, 4.753287, 2.522152
276, 717.561340, 7.760469, 1.455088, 0.873053, 5.432329, 3.104188
277, 720.161194, 7.954481, 1.358082, 0.388023, 6.305381, 3.492211
278, 722.761047, 8.730528, 1.358082, 0.000000, 6.596399, 3.686223
279, 725.360901, 9.700586, 1.358082, 0.097006, 6.790411, 3.104188
280, 727.960815, 10.379628, 1.358082, 0.291018, 7.275440, 2.716164
281, 730.560669, 10.185616, 1.843112, 0.679041, 7.954481, 3.104188
282, 733.160522, 10.088610, 2.813170, 1.164070, 9.312563, 4.462270
283, 735.760376, 10.185616, 3.977241, 1.940117, 11.058669, 6.499393
284, 738.360229, 11.058669, 5.238317, 3.104188, 13.677827, 8.148493
285, 740.960083, 11.834716, 6.596399, 4.656281, 16.296986, 9.603580
286, 743.559937, 12.513757, 8.730528, 7.081428, 18.043091, 10.767652
287, 746.159790, 12.513757, 11.543698, 9.797592, 18.916143, 11.737710
288, 748.759644, 11.737710, 15.035910, 12.610763, 18.722132, 12.416751
289, 751.359497, 10.670646, 18.625126, 15.035910, 18.043091, 12.222739
290, 753.959412, 9.991604, 21.535303, 17.073032, 17.170038, 11.252681
291, 756.559265, 9.409569, 23.281408, 18.819138, 15.908962, 10.282621
292, 759.159119, 8.342505, 23.475420, 20.274225, 14.744892, 9.700586
293, 761.758972, 6.790411, 22.505362, 21.050274, 13.192798, 10.379628
294, 764.358826, 5.238317, 20.662249, 21.050274, 12.028728, 11.446692
295, 766.958679, 4.171252, 18.431114, 20.371231, 11.640704, 12.901780
296, 769.558533, 3.201194, 16.005968, 19.207161, 12.416751, 14.065850
297, 772.158386, 2.231135, 13.483815, 17.364050, 13.580821, 15.326927
298, 774.758240, 1.552094, 11.349687, 15.520939, 14.356868, 16.685009
299, 777.358154, 1.358082, 9.312563, 13.774833, 14.550880, 18.237103
300, 779.958008, 1.358082, 7.566458, 12.125733, 14.550880, 19.304167
301, 782.557861, 1.843112, 6.208375, 10.476634, 14.744892, 19.304167
302, 785.157715, 3.104188, 5.141311, 8.439510, 15.229921, 18.237103
303, 787.757568, 5.044305, 4.656281, 6.499393, 15.229921, 16.782015
304, 790.357422, 7.469452, 4.656281, 4.947299, 14.647886, 15.132915
305, 792.957275, 9.797592, 4.753287, 3.977241, 13.483815, 13.483815
306, 795.557129, 11.543698, 5.044305, 3.686223, 13.289804, 11.446692
307, 798.156982, 12.998786, 5.238317, 3.686223, 14.647886, 9.409569
308, 800.756836, 14.356868, 5.917358, 4.268258, 17.946085, 7.857475
309, 803.356750, 15.423933, 7.372446, 5.335323, 21.826321, 7.081428
310, 805.956604, 16.005968, 9.118551, 6.596399, 25.027514, 7.275440
311, 808.556458, 15.520939, 10.670646, 7.857475, 27.258648, 7.857475
312, 811.156311, 14.162856, 11.834716, 8.924540, 28.713736, 8.536516
313, 813.756165, 12.222739, 12.513757, 9.603580, 29.877808, 8.342505
314, 816.356018, 10.670646, 12.998786, 9.603580, 30.362837, 7.954481
315, 818.955872, 9.894598, 13.483815, 9.118551, 29.295773, 7.469452
316, 821.555725, 9.215557, 13.677827, 8.342505, 27.064636, 6.887416
317, 824.155579, 8.148493, 13.871839, 7.857475, 23.766438, 5.529335
318, 826.755493, 6.596399, 13.192798, 6.887416, 20.953268, 3.880235
319, 829.355347, 5.238317, 12.416751, 6.402387, 18.237103, 3.298199
320, 831.955200, 4.462270, 11.446692, 6.402387, 16.588003, 4.171252
321, 834.555054, 4.462270, 10.379628, 7.178434, 14.841898, 5.432329
322, 837.154907, 5.238317, 9.506575, 8.439510, 13.386809, 6.305381
323, 839.754761, 6.305381, 9.894598, 9.312563, 11.834716, 6.499393
324, 842.354614, 7.081428, 11.446692, 9.409569, 10.476634, 6.790411
325, 844.954468, 7.857475, 13.483815, 9.021545, 9.409569, 7.372446
326, 847.554321, 8.439510, 14.647886, 7.954481, 8.827534, 7.954481
327, 850.154175, 9.118551, 15.035910, 7.178434, 8.051487, 8.051487
328, 852.754089, 9.409569, 14.550880, 6.499393, 7.469452, 7.469452
329, 855.353943, 9.797592, 13.968844, 6.499393, 6.790411, 6.596399
330, 857.953796, 9.894598, 13.289804, 7.081428, 6.596399, 5.820352
331, 860.553650, 9.603580, 12.707768, 8.245499, 6.402387, 4.947299
332, 863.153503, 9.021545, 11.834716, 9.991604, 6.790411, 4.462270
333, 865.753357, 7.954481, 10.476634, 11.446692, 7.178434, 4.074246
334, 868.353210, 6.790411, 8.730528, 11.737710, 7.469452, 4.074246
335, 870.953064, 5.820352, 6.887416, 10.767652, 7.469452, 4.462270
336, 873.552917, 5.044305, 5.432329, 9.215557, 7.469452, 5.141311
337, 876.152832, 4.462270, 4.462270, 7.469452, 7.857475, 6.111370
338, 878.752686, 3.589217, 4.074246, 5.626340, 8.342505, 7.081428
339, 881.352539, 2.910176, 3.492211, 3.880235, 8.730528, 8.245499
340, 883.952393, 2.328141, 3.104188, 2.425147, 8.633522, 9.215557
341, 886.552246, 2.134129, 2.522152, 1.552094, 8.439510, 10.185616
342, 889.152100, 2.716164, 2.231135, 1.067065, 8.439510, 10.476634
343, 891.751953, 3.492211, 2.037123, 0.970059, 8.245499, 10.573640
344, 894.351807, 4.947299, 2.231135, 1.261076, 7.857475, 10.282621
345, 896.951660, 5.917358, 2.522152, 1.455088, 6.887416, 9.797592
346, 899.551514, 7.372446, 3.007182, 1.552094, 6.402387, 9.118551
347, 902.151428, 8.342505, 3.298199, 2.134129, 5.335323, 8.051487
348, 904.751282, 9.409569, 3.880235, 3.007182, 4.171252, 6.887416
349, 907.351135, 9.700586, 4.365264, 4.171252, 3.007182, 5.529335
350, 909.950989, 9.894598, 5.141311, 5.238317, 2.328141, 4.656281
351, 912.550842, 9.894598, 5.626340, 6.208375, 2.037123, 3.589217
352, 915.150696, 9.797592, 6.499393, 7.469452, 1.164070, 2.910176
353, 917.750549, 9.021545, 7.081428, 8.536516, 0.485029, 2.134129
354, 920.350403, 7.857475, 7.469452, 9.797592, 0.000000, 1.746106
355, 922.950256, 6.111370, 7.469452, 11.155675, 0.000000, 1.843112
356, 925.550171, 5.044305, 7.566458, 12.610763, 0.000000, 2.134129
357, 928.150024, 4.268258, 7.469452, 14.259862, 0.000000, 2.619159
358, 930.749878, 4.171252, 7.372446, 15.811956, 0.388023, 2.910176
359, 933.349731, 4.074246, 7.275440, 16.588003, 0.679041, 3.298199
360, 935.949585, 3.589217, 6.984422, 15.811956, 1.164070, 3.492211
361, 938.549438, 2.813170, 6.208375, 13.677827, 1.843112, 3.201194
362, 941.149292, 2.037123, 5.335323, 11.446692, 3.492211, 3.395205
363, 943.749146, 1.649100, 4.656281, 9.603580, 4.947299, 3.977241
364, 946.348999, 1.455088, 4.462270, 8.439510, 5.238317, 4.656281
365, 948.948853, 1.261076, 4.365264, 7.469452, 4.656281, 4.171252
366, 951.548767, 1.649100, 4.559276, 6.111370, 4.074246, 3.298199
367, 954.148621, 2.716164, 4.753287, 4.947299, 3.977241, 3.007182
368, 956.748474, 4.462270, 5.238317, 3.492211, 3.977241, 3.880235
369, 959.348328, 6.014364, 5.529335, 2.716164, 3.977241, 4.559276
370, 961.948181, 8.051487, 6.305381, 2.328141, 3.977241, 4.656281
371, 964.548035, 10.282621, 7.178434, 2.522152, 4.074246, 4.462270
372, 967.147888, 13.386809, 8.439510, 2.910176, 4.171252, 4.268258
373, 969.747742, 16.685009, 9.991604, 3.298199, 4.268258, 3.880235
374, 972.347595, 20.080214, 11.543698, 3.880235, 4.268258, 3.492211
375, 974.947510, 22.311350, 12.901780, 4.268258, 4.559276, 3.589217
376, 977.547363, 23.378414, 13.677827, 4.753287, 5.238317, 4.656281
377, 980.147217, 23.184402, 14.744892, 5.044305, 5.723346, 6.402387
378, 982.747070, 22.214344, 15.908962, 5.820352, 5.723346, 8.148493
379, 985.346924, 21.244286, 16.879021, 6.790411, 5.238317, 9.603580
380, 987.946777, 20.274225, 17.073032, 8.730528, 4.947299, 10.379628
381, 990.546631, 19.110155, 16.782015, 10.476634, 4.656281, 10.961663
382, 993.146484, 17.558062, 16.588003, 12.028728, 4.171252, 10.767652
383, 995.746338, 15.811956, 16.393991, 12.804774, 3.686223, 10.185616
384, 998.346191, 13.774833, 16.005968, 12.804774, 3.201194, 9.409569
385, 1000.946106, 11.640704, 15.520939, 11.834716, 3.007182, 8.245499
386, 1003.545959, 9.700586, 14.744892, 10.282621, 2.716164, 6.790411
387, 1006.145813, 8.342505, 13.483815, 8.633522, 2.716164, 5.335323
388, 1008.745667, 6.887416, 11.737710, 6.499393, 2.910176, 4.171252
389, 1011.345520, 5.529335, 9.797592, 4.171252, 3.104188, 3.201194
390, 1013.945374, 3.977241, 8.148493, 2.037123, 3.589217, 2.328141
391, 1016.545227, 3.589217, 6.305381, 0.776047, 3.880235, 1.649100
392, 1019.145081, 3.783229, 4.268258, 0.679041, 4.074246, 1.358082
393, 1021.744934, 4.268258, 2.522152, 1.164070, 4.074246, 1.358082
394, 1024.344849, 5.044305, 1.552094, 1.843112, 4.074246, 1.358082
395, 1026.944702, 5.820352, 1.261076, 2.813170, 4.074246, 1.649100
396, 1029.544556, 7.275440, 1.164070, 3.686223, 3.589217, 2.134129
397, 1032.144409, 8.051487, 1.261076, 4.753287, 2.813170, 2.716164
398, 1034.744263, 8.730528, 1.843112, 4.850293, 2.037123, 3.201194
399, 1037.344116, 9.118551, 2.910176, 4.753287, 1.552094, 3.201194
400, 1039.943970, 9.409569, 4.559276, 4.074246, 1.067065, 2.619159
401, 1042.543823, 9.603580, 6.499393, 3.880235, 0.582035, 2.037123
402, 1045.143677, 10.088610, 8.148493, 3.880235, 0.097006, 1.746106
403, 1047.743530, 10.573640, 9.312563, 4.074246, 0.000000, 1.649100
404, 1050.343384, 10.961663, 9.894598, 4.074246, 0.000000, 2.037123
405, 1052.943237, 10.961663, 10.185616, 3.783229, 0.000000, 2.134129
406, 1055.543091, 10.961663, 10.185616, 3.201194, 0.000000, 2.910176
407, 1058.142944, 10.961663, 9.409569, 2.716164, 0.485029, 3.298199
408, 1060.742920, 11.058669, 8.148493, 2.037123, 1.455088, 4.074246
409, 1063.342773, 10.961663, 6.499393, 1.552094, 2.522152, 3.395205
410, 1065.942627, 10.476634, 4.656281, 1.358082, 3.298199, 2.522152
411, 1068.542480, 9.215557, 3.201194, 1.358082, 3.686223, 1.261076
412, 1071.142334, 7.372446, 2.328141, 1.358082, 3.977241, 0.970059
413, 1073.742188, 5.238317, 2.134129, 1.358082, 3.977241, 0.970059
414, 1076.342041, 3.686223, 2.134129, 1.358082, 3.977241, 1.164070
415, 1078.941895, 3.201194, 2.134129, 1.358082, 4.074246, 0.873053
416, 1081.541748, 3.686223, 2.134129, 1.649100, 4.850293, 0.873053
417, 1084.141602, 4.656281, 2.716164, 2.619159, 6.305381, 1.649100
418, 1086.741455, 5.432329, 3.298199, 4.268258, 9.021545, 3.007182
419, 1089.341309, 5.723346, 3.977241, 6.790411, 13.095792, 5.044305
420, 1091.941162, 5.723346, 3.977241, 9.506575, 19.498178, 8.439510
421, 1094.541016, 5.820352, 3.977241, 12.610763, 27.743677, 13.580821
422, 1097.140869, 6.111370, 3.298199, 15.035910, 36.959236, 20.662249
423, 1099.740723, 6.208375, 2.716164, 17.170038, 45.107727, 27.937689
424, 1102.340576, 5.626340, 2.134129, 18.334108, 51.025085, 34.534088
425, 1104.940430, 3.977241, 2.522152, 19.304167, 54.032269, 38.996357
426, 1107.540283, 2.134129, 2.910176, 19.789196, 54.614304, 42.100548
427, 1110.140259, 0.776047, 3.104188, 19.789196, 52.965202, 43.846653
428, 1112.740112, 0.097006, 2.716164, 19.304167, 49.861015, 44.622700
429, 1115.339966, 0.000000, 2.134129, 18.431114, 45.883774, 44.331680
430, 1117.939819, 0.000000, 1.746106, 17.364050, 41.615517, 42.973598
431, 1120.539673, 0.000000, 1.552094, 16.005968, 37.250252, 40.548450
432, 1123.139526, 0.000000, 1.552094, 14.453874, 33.273014, 36.959236
433, 1125.739380, 0.000000, 1.455088, 12.610763, 29.198767, 32.787983
434, 1128.339233, 0.388023, 1.358082, 10.573640, 25.124519, 28.228706
435, 1130.939087, 0.970059, 1.358082, 8.827534, 20.468237, 23.572426
436, 1133.538940, 2.231135, 1.649100, 7.469452, 16.005968, 18.625126
437, 1136.138794, 3.977241, 2.619159, 6.887416, 11.834716, 14.065850
438, 1138.738647, 7.178434, 4.268258, 5.820352, 8.633522, 10.282621
439, 1141.338501, 11.058669, 6.984422, 5.044305, 6.208375, 7.954481
440, 1143.938354, 15.326927, 10.476634, 4.462270, 3.977241, 6.014364
441, 1146.538208, 19.498178, 14.453874, 3.880235, 2.231135, 4.850293
442, 1149.138062, 22.990391, 18.722132, 3.783229, 1.261076, 3.395205
443, 1151.737915, 26.288589, 22.408356, 4.559276, 1.552094, 2.716164
444, 1154.337769, 28.519724, 25.124519, 6.693405, 2.037123, 2.134129
445, 1156.937622, 29.198767, 26.094578, 9.021545, 3.298199, 2.328141
446, 1159.537598, 27.549665, 25.221525, 10.573640, 4.753287, 2.231135
447, 1162.137451, 23.863443, 22.020332, 12.028728, 6.499393, 2.037123
448, 1164.737305, 18.916143, 18.625126, 12.610763, 6.984422, 1.261076
449, 1167.337158, 13.289804, 14.841898, 12.707768, 6.984422, 0.776047
450, 1169.937012, 8.536516, 11.349687, 11.834716, 6.111370, 0.582035
451, 1172.536865, 5.723346, 6.596399, 10.185616, 5.044305, 0.970059
452, 1175.136719, 6.111370, 3.395205, 8.051487, 3.880235, 1.358082
453, 1177.736572, 6.693405, 1.940117, 6.014364, 3.007182, 1.746106
454, 1180.336426, 7.178434, 2.522152, 4.462270, 2.813170, 1.746106
455, 1182.936279, 6.111370, 2.619159, 3.880235, 2.231135, 1.746106
456, 1185.536133, 5.141311, 2.425147, 3.298199, 2.134129, 1.649100
457, 1188.135986, 4.365264, 2.619159, 3.007182, 2.522152, 1.843112
458, 1190.735840, 4.074246, 3.880235, 2.522152, 3.492211, 2.619159
459, 1193.335693, 4.171252, 4.947299, 2.522152, 4.268258, 3.298199
460, 1195.935547, 3.880235, 5.238317, 3.007182, 4.462270, 3.977241
461, 1198.535400, 3.201194, 4.850293, 3.492211, 4.268258, 3.298199
462, 1201.135254, 2.328141, 5.044305, 3.686223, 4.074246, 2.716164
463, 1203.735107, 2.037123, 5.238317, 3.492211, 3.686223, 2.328141
464, 1206.334961, 2.134129, 5.723346, 3.298199, 3.104188, 2.328141
465, 1208.934937, 2.716164, 5.723346, 3.492211, 2.328141, 1.843112
466, 1211.534790, 3.298199, 5.529335, 3.783229, 1.552094, 1.067065
467, 1214.134644, 3.880235, 5.238317, 4.074246, 1.261076, 0.485029
468, 1216.734497, 4.171252, 5.044305, 4.171252, 1.164070, 0.388023
469, 1219.334351, 4.171252, 5.529335, 4.268258, 1.358082, 0.485029
470, 1221.934204, 4.171252, 5.917358, 4.850293, 1.358082, 1.164070
471, 1224.534058, 4.171252, 5.917358, 5.529335, 1.552094, 2.134129
472, 1227.133911, 4.074246, 5.141311, 6.305381, 1.843112, 2.716164
473, 1229.733765, 4.074246, 4.171252, 7.081428, 2.619159, 2.716164
474, 1232.333618, 3.977241, 3.686223, 7.760469, 3.298199, 2.813170
475, 1234.933472, 3.492211, 3.201194, 8.245499, 3.977241, 3.589217
476, 1237.533325, 3.104188, 2.619159, 8.245499, 3.977241, 4.462270
477, 1240.133179, 2.522152, 1.940117, 8.051487, 4.074246, 4.947299
478, 1242.733032, 2.522152, 1.552094, 7.857475, 4.268258, 4.947299
479, 1245.332886, 2.328141, 1.649100, 7.857475, 4.462270, 5.238317
480, 1247.932739, 2.522152, 1.649100, 7.469452, 4.462270, 5.820352
481, 1250.532593, 2.522152, 1.746106, 7.178434, 4.462270, 6.014364
482, 1253.132446, 2.716164, 1.649100, 6.790411, 4.462270, 5.820352
483, 1255.732300, 2.522152, 1.746106, 6.790411, 4.462270, 5.044305
484, 1258.332275, 2.328141, 2.425147, 7.275440, 4.462270, 4.559276
485, 1260.932129, 2.134129, 3.395205, 8.051487, 4.365264, 3.977241
486, 1263.531982, 2.134129, 4.171252, 9.215557, 4.559276, 3.686223
487, 1266.131836, 2.134129, 3.492211, 10.379628, 4.753287, 3.201194
488, 1268.731689, 2.134129, 3.104188, 11.252681, 5.044305, 3.201194
489, 1271.331543, 2.522152, 3.880235, 11.640704, 4.947299, 3.783229
490, 1273.931396, 2.910176, 5.917358, 11.349687, 4.656281, 4.462270
491, 1276.531250, 3.492211, 7.760469, 10.573640, 4.074246, 5.432329
492, 1279.131104, 3.298199, 9.118551, 9.506575, 3.395205, 6.014364
493, 1281.730957, 3.201194, 10.282621, 8.439510, 2.619159, 6.499393
494, 1284.330811, 2.813170, 12.028728, 7.372446, 2.037123, 6.596399
495, 1286.930664, 3.298199, 13.774833, 6.596399, 1.746106, 6.305381
496, 1289.530518, 3.977241, 15.520939, 5.723346, 2.134129, 6.111370
497, 1292.130371, 5.238317, 16.588003, 4.753287, 2.231135, 5.723346
498, 1294.730225, 6.111370, 16.685009, 3.589217, 2.425147, 5.432329
499, 1297.330078, 6.596399, 16.102974, 2.619159, 2.425147, 5.141311
500, 1299.929932, 6.014364, 15.229921, 1.940117, 2.619159, 5.044305
501, 1302.529785, 5.529335, 14.550880, 1.552094, 3.104188, 4.753287
502, 1305.129639, 5.044305, 14.065850, 1.358082, 3.492211, 4.462270
503, 1307.729614, 4.947299, 13.677827, 1.455088, 3.977241, 4.171252
504, 1310.329468, 4.171252, 12.998786, 1.940117, 3.977241, 4.074246
505, 1312.929321, 3.880235, 12.125733, 2.910176, 3.589217, 3.589217
506, 1315.529175, 3.686223, 11.155675, 4.171252, 2.910176, 2.910176
507, 1318.129028, 4.171252, 10.476634, 5.141311, 2.134129, 2.328141
508, 1320.728882, 4.365264, 10.088610, 6.014364, 1.843112, 2.716164
509, 1323.328735, 4.753287, 9.603580, 6.305381, 2.425147, 3.783229
510, 1325.928589, 5.335323, 9.312563, 6.984422, 3.395205, 4.947299
511, 1328.528442, 5.529335, 8.633522, 7.566458, 4.462270, 5.238317
512, 1331.128296, 5.820352, 8.051487, 7.857475, 4.656281, 5.044305
513, 1333.728149, 5.723346, 7.275440, 7.469452, 4.559276, 4.462270
514, 1336.328003, 5.238317, 6.305381, 6.887416, 4.462270, 3.783229
515, 1338.927856, 4.656281, 5.335323, 6.305381, 4.171252, 3.104188
516, 1341.527710, 3.492211, 4.462270, 5.723346, 3.492211, 2.328141
517, 1344.127563, 2.716164, 3.880235, 5.238317, 2.037123, 2.231135
518, 1346.727417, 2.134129, 3.298199, 4.656281, 1.067065, 2.328141
519, 1349.327271, 2.716164, 2.716164, 4.462270, 1.261076, 2.716164
520, 1351.927124, 3.298199, 2.328141, 4.171252, 2.716164, 2.619159
521, 1354.526978, 3.298199, 2.134129, 4.268258, 4.656281, 2.328141
522, 1357.126953, 2.716164, 2.134129, 4.268258, 6.984422, 2.134129
523, 1359.726807, 2.522152, 2.134129, 4.171252, 9.021545, 1.649100
524, 1362.326660, 3.201194, 2.328141, 4.074246, 10.282621, 1.455088
525, 1364.926514, 3.880235, 2.716164, 3.977241, 9.506575, 1.649100
526, 1367.526367, 4.462270, 3.395205, 3.686223, 7.760469, 3.007182
527, 1370.126221, 4.753287, 4.462270, 3.492211, 7.469452, 4.656281
528, 1372.726074, 5.335323, 5.335323, 3.298199, 8.536516, 5.723346
529, 1375.325928, 5.723346, 6.111370, 3.298199, 8.730528, 6.014364
530, 1377.925781, 6.208375, 6.402387, 3.298199, 6.499393, 5.529335
531, 1380.525635, 6.111370, 6.305381, 3.395205, 3.201194, 5.141311
532, 1383.125488, 5.335323, 5.820352, 4.171252, 1.843112, 5.432329
533, 1385.725342, 3.589217, 4.656281, 6.111370, 3.201194, 6.111370
534, 1388.325195, 1.746106, 3.395205, 9.409569, 5.432329, 6.790411
535, 1390.925049, 0.388023, 2.231135, 12.319745, 6.499393, 7.469452
536, 1393.524902, 0.000000, 1.746106, 14.938904, 6.596399, 8.051487
537, 1396.124756, 0.000000, 1.746106, 16.782015, 8.342505, 8.245499
538, 1398.724609, 0.000000, 1.649100, 18.916143, 11.058669, 7.566458
539, 1401.324463, 0.097006, 1.746106, 20.371231, 13.289804, 6.402387
540, 1403.924316, 0.582035, 1.843112, 20.565243, 13.095792, 5.335323
541, 1406.524292, 1.261076, 2.037123, 19.110155, 12.416751, 4.462270
542, 1409.124146, 2.231135, 1.746106, 16.199980, 11.931722, 3.686223
543, 1411.723999, 3.492211, 1.455088, 12.901780, 11.543698, 2.813170
544, 1414.323853, 4.947299, 1.358082, 9.118551, 10.864657, 1.552094
545, 1416.923706, 6.014364, 1.358082, 5.626340, 9.118551, 0.970059
546, 1419.523560, 6.499393, 1.358082, 2.522152, 7.469452, 1.164070
547, 1422.123413, 6.499393, 1.358082, 1.164070, 6.014364, 2.425147
548, 1424.723267, 6.111370, 1.358082, 0.582035, 5.335323, 4.462270
549, 1427.323120, 5.723346, 1.358082, 0.679041, 5.529335, 6.887416
550, 1429.922974, 5.044305, 1.552094, 0.679041, 5.626340, 8.924540
551, 1432.522827, 4.850293, 1.843112, 1.067065, 5.917358, 9.700586
552, 1435.122681, 5.238317, 2.522152, 2.134129, 5.820352, 9.312563
553, 1437.722534, 6.111370, 3.201194, 4.171252, 6.208375, 8.051487
554, 1440.322388, 7.081428, 3.880235, 6.790411, 6.111370, 7.081428
555, 1442.922241, 7.663464, 4.171252, 8.924540, 5.723346, 5.820352
556, 1445.522095, 8.148493, 4.171252, 10.282621, 5.238317, 4.268258
557, 1448.121948, 8.245499, 4.171252, 11.058669, 4.947299, 2.522152
558, 1450.721802, 8.245499, 4.462270, 12.028728, 4.656281, 2.134129
559, 1453.321655, 7.954481, 4.656281, 12.804774, 4.365264, 2.619159
560, 1455.921631, 7.372446, 4.656281, 12.804774, 3.880235, 2.813170
561, 1458.521484, 6.596399, 4.365264, 11.349687, 3.686223, 1.940117
562, 1461.121338, 5.529335, 3.395205, 9.021545, 3.395205, 1.164070
563, 1463.721191, 4.656281, 2.619159, 6.499393, 3.589217, 1.649100
564, 1466.321045, 3.880235, 1.746106, 5.044305, 3.783229, 3.395205
565, 1468.920898, 3.395205, 1.067065, 3.783229, 3.977241, 5.432329
566, 1471.520752, 3.589217, 0.388023, 3.007182, 4.074246, 7.081428
567, 1474.120605, 4.074246, 0.291018, 2.328141, 3.977241, 8.536516
568, 1476.720459, 4.947299, 0.679041, 2.716164, 3.977241, 9.797592
569, 1479.320313, 4.656281, 1.067065, 3.104188, 3.686223, 10.864657
570, 1481.920166, 4.462270, 1.164070, 3.492211, 3.783229, 11.543698
571, 1484.520020, 3.977241, 1.455088, 3.298199, 4.171252, 12.222739
572, 1487.119873, 4.753287, 2.425147, 3.492211, 4.753287, 12.707768
573, 1489.719727, 4.753287, 4.074246, 3.880235, 5.044305, 13.289804
574, 1492.319580, 5.238317, 6.305381, 4.947299, 5.626340, 13.580821
575, 1494.919434, 5.335323, 8.633522, 6.984422, 7.275440, 14.259862
576, 1497.519287, 6.305381, 11.058669, 10.282621, 10.282621, 14.744892
577, 1500.119141, 7.178434, 13.774833, 13.871839, 14.162856, 15.423933
578, 1502.718994, 8.342505, 16.490997, 16.782015, 17.558062, 15.811956
579, 1505.318970, 9.021545, 18.431114, 18.237103, 19.401173, 16.005968
580, 1507.918823, 9.894598, 19.498178, 18.431114, 19.304167, 15.035910
581, 1510.518677, 10.864657, 19.983208, 17.558062, 17.655067, 13.095792
582, 1513.118530, 12.610763, 21.050274, 16.102974, 15.326927, 10.670646
583, 1515.718384, 14.550880, 22.796379, 14.162856, 13.095792, 8.633522
584, 1518.318237, 16.685009, 25.027514, 12.513757, 11.252681, 7.275440
585, 1520.918091, 18.722132, 27.549665, 10.864657, 9.409569, 6.596399
586, 1523.517944, 20.565243, 30.653854, 9.215557, 7.857475, 5.917358
587, 1526.117798, 22.311350, 34.728100, 7.760469, 6.790411, 5.238317
588, 1528.717651, 24.348473, 38.511330, 6.402387, 6.014364, 4.559276
589, 1531.317505, 26.579607, 41.712524, 5.335323, 5.238317, 4.171252
590, 1533.917358, 28.907747, 43.749645, 4.462270, 4.656281, 4.074246
591, 1536.517212, 30.847866, 44.816711, 4.171252, 4.365264, 3.298199
592, 1539.117065, 32.884987, 44.719704, 4.171252, 4.171252, 2.716164
593, 1541.716919, 34.340076, 43.070606, 4.462270, 3.880235, 2.134129
594, 1544.316772, 35.019119, 40.160427, 4.753287, 3.104188, 2.134129
595, 1546.916626, 34.340076, 35.795166, 5.044305, 2.328141, 2.134129
596, 1549.516479, 32.884987, 30.750860, 5.335323, 1.552094, 2.134129
597, 1552.116333, 30.847866, 25.803560, 5.820352, 1.164070, 2.328141
598, 1554.716309, 28.519724, 21.826321, 6.596399, 1.746106, 2.716164
599, 1557.316162, 25.124519, 18.431114, 7.081428, 3.395205, 3.298199
600, 1559.916016, 21.050274, 15.132915, 7.469452, 6.208375, 3.783229
601, 1562.515869, 17.267044, 12.416751, 7.954481, 8.439510, 4.171252
602, 1565.115723, 14.744892, 10.864657, 8.439510, 9.215557, 4.268258
603, 1567.715576, 13.871839, 10.573640, 9.409569, 8.730528, 4.559276
604, 1570.315430, 14.550880, 10.767652, 10.088610, 8.439510, 4.656281
605, 1572.915283, 16.296986, 11.058669, 10.767652, 8.924540, 4.656281
606, 1575.515137, 18.528120, 11.155675, 10.573640, 9.894598, 4.365264
607, 1578.114990, 20.565243, 11.252681, 10.088610, 10.379628, 4.074246
608, 1580.714844, 22.214344, 11.058669, 9.409569, 10.573640, 4.074246
609, 1583.314697, 23.572426, 10.476634, 8.924540, 10.185616, 3.880235
610, 1585.914551, 24.348473, 9.506575, 8.051487, 9.700586, 3.395205
611, 1588.514404, 24.251467, 8.439510, 6.596399, 8.536516, 3.104188
612, 1591.114258, 23.087397, 7.178434, 5.044305, 6.887416, 2.910176
613, 1593.714111, 20.953268, 6.014364, 3.880235, 5.335323, 3.104188
614, 1596.313965, 18.528120, 4.947299, 3.104188, 4.365264, 3.104188
615, 1598.913818, 16.102974, 3.880235, 2.425147, 3.977241, 3.298199
616, 1601.513672, 13.968844, 3.007182, 1.843112, 4.074246, 3.298199
617, 1604.113647, 12.222739, 2.328141, 1.649100, 4.559276, 3.104188
618, 1606.713501, 10.767652, 2.037123, 1.455088, 5.141311, 2.910176
619, 1609.313354, 9.506575, 1.940117, 1.261076, 5.529335, 2.716164
620, 1611.913208, 8.633522, 1.746106, 0.970059, 5.044305, 3.104188
621, 1614.513062, 7.954481, 1.746106, 1.067065, 4.559276, 3.492211
622, 1617.112915, 7.663464, 1.843112, 1.358082, 3.783229, 3.977241
623, 1619.712769, 7.275440, 2.425147, 1.649100, 3.492211, 3.977241
624, 1622.312622, 7.081428, 3.201194, 2.037123, 3.589217, 3.977241
625, 1624.912476, 6.984422, 3.880235, 2.910176, 4.462270, 3.977241
626, 1627.512329, 7.081428, 4.171252, 4.268258, 5.432329, 4.074246
627, 1630.112183, 7.081428, 4.171252, 5.529335, 6.305381, 4.074246
628, 1632.712036, 7.178434, 4.171252, 6.305381, 7.275440, 4.268258
629, 1635.311890, 6.693405, 4.074246, 6.887416, 8.827534, 4.753287
630, 1637.911743, 6.014364, 4.365264, 7.469452, 10.961663, 5.626340
631, 1640.511597, 5.335323, 4.656281, 8.245499, 13.095792, 6.596399
632, 1643.111450, 4.656281, 4.850293, 8.730528, 14.162856, 7.469452
633, 1645.711304, 4.365264, 4.559276, 8.924540, 13.774833, 7.954481
634, 1648.311157, 4.074246, 4.365264, 8.245499, 11.737710, 8.342505
635, 1650.911011, 3.977241, 4.656281, 7.275440, 9.409569, 8.051487
636, 1653.510986, 4.074246, 5.238317, 5.917358, 6.790411, 7.469452
637, 1656.110840, 4.171252, 6.014364, 4.656281, 4.656281, 6.402387
638, 1658.710693, 4.365264, 7.275440, 3.686223, 2.910176, 5.141311
639, 1661.310547, 4.850293, 9.991604, 3.298199, 2.037123, 3.395205
640, 1663.910400, 5.820352, 14.162856, 3.880235, 1.940117, 1.746106
641, 1666.510254, 7.081428, 18.625126, 4.462270, 2.134129, 0.388023
642, 1669.110107, 8.148493, 21.535303, 5.432329, 2.231135, 0.582035
643, 1671.709961, 8.439510, 21.535303, 5.917358, 2.134129, 1.164070
644, 1674.309814, 8.148493, 19.498178, 6.984422, 2.522152, 1.649100
645, 1676.909668, 7.469452, 18.722132, 7.275440, 2.910176, 1.746106
646, 1679.509521, 6.887416, 17.655067, 7.663464, 3.395205, 3.298199
647, 1682.109375, 5.917358, 16.199980, 7.372446, 3.395205, 5.723346
648, 1684.709229, 5.141311, 9.991604, 8.148493, 3.492211, 8.827534
649, 1687.309082, 4.365264, 4.850293, 9.021545, 3.686223, 11.058669
650, 1689.908936, 4.559276, 1.358082, 10.185616, 4.171252, 13.095792
651, 1692.508789, 4.462270, 1.455088, 9.991604, 4.656281, 15.132915
652, 1695.108643, 4.753287, 2.134129, 8.633522, 4.947299, 17.461056
653, 1697.708496, 5.141311, 3.007182, 6.305381, 4.947299, 19.401173
654, 1700.308350, 6.499393, 3.783229, 4.268258, 5.335323, 21.147280
655, 1702.908325, 8.536516, 4.947299, 3.783229, 5.626340, 22.020332
656, 1705.508179, 12.028728, 5.723346, 4.559276, 5.917358, 21.826321
657, 1708.108032, 15.811956, 6.208375, 5.529335, 6.305381, 20.468237
658, 1710.707886, 18.528120, 6.014364, 5.917358, 6.790411, 19.013149
659, 1713.307739, 17.752073, 6.111370, 5.723346, 7.275440, 18.334108
660, 1715.907593, 16.005968, 6.499393, 6.014364, 7.469452, 18.140097
661, 1718.507446, 13.580821, 6.790411, 7.178434, 7.954481, 18.043091
662, 1721.107300, 13.095792, 6.693405, 9.118551, 9.215557, 17.267044
663, 1723.707153, 12.804774, 6.014364, 11.349687, 10.864657, 15.811956
664, 1726.307007, 12.610763, 5.432329, 12.901780, 12.416751, 13.871839
665, 1728.906860, 11.058669, 4.947299, 13.580821, 13.192798, 12.028728
666, 1731.506714, 8.827534, 5.238317, 13.968844, 12.998786, 10.185616
667, 1734.106567, 7.372446, 6.596399, 14.453874, 11.931722, 8.633522
668, 1736.706421, 6.208375, 8.342505, 15.229921, 10.573640, 7.178434
669, 1739.306274, 5.335323, 10.670646, 15.811956, 9.409569, 6.014364
670, 1741.906128, 4.559276, 12.804774, 16.005968, 7.857475, 4.753287
671, 1744.505981, 4.753287, 15.714951, 15.520939, 6.014364, 3.880235
672, 1747.105835, 6.693405, 18.916143, 15.423933, 4.947299, 3.395205
673, 1749.705688, 9.409569, 21.923326, 16.005968, 4.753287, 3.492211
674, 1752.305664, 13.192798, 23.863443, 17.267044, 5.238317, 3.783229
675, 1754.905518, 16.588003, 23.960449, 17.267044, 5.238317, 4.074246
676, 1757.505371, 19.789196, 23.087397, 16.005968, 5.723346, 4.171252
677, 1760.105225, 20.371231, 22.020332, 13.871839, 5.141311, 4.268258
678, 1762.705078, 18.722132, 21.341291, 10.767652, 5.141311, 4.171252
679, 1765.304932, 15.229921, 18.819138, 6.984422, 5.238317, 3.395205
680, 1767.904785, 12.319745, 14.162856, 3.686223, 7.469452, 2.425147
681, 1770.504639, 10.864657, 8.633522, 3.492211, 10.379628, 1.940117
682, 1773.104492, 10.767652, 5.141311, 6.693405, 12.998786, 2.716164
683, 1775.704346, 10.088610, 3.977241, 8.730528, 13.871839, 3.589217
684, 1778.304199, 8.730528, 3.977241, 9.021545, 13.483815, 4.074246
685, 1780.904053, 6.596399, 4.171252, 6.790411, 12.901780, 4.268258
686, 1783.503906, 5.917358, 5.626340, 7.275440, 13.192798, 5.044305
687, 1786.103760, 6.596399, 8.439510, 9.700586, 13.192798, 6.014364
688, 1788.703613, 8.051487, 11.640704, 14.841898, 12.901780, 6.887416
689, 1791.303467, 9.021545, 13.483815, 18.916143, 11.543698, 7.275440
690, 1793.903320, 10.379628, 14.356868, 19.983208, 10.185616, 7.178434
691, 1796.503174, 11.543698, 15.326927, 17.849079, 8.536516, 6.790411
692, 1799.103027, 12.125733, 16.588003, 13.871839, 7.178434, 6.790411
693, 1801.703003, 10.476634, 17.461056, 10.573640, 6.596399, 6.984422
694, 1804.302856, 8.439510, 17.170038, 8.148493, 6.693405, 7.566458
695, 1806.902710, 7.178434, 15.811956, 6.499393, 7.275440, 7.566458
696, 1809.502563, 6.887416, 13.677827, 5.432329, 7.275440, 7.857475
697, 1812.102417, 6.984422, 11.737710, 5.529335, 7.275440, 8.439510
698, 1814.702271, 7.081428, 9.603580, 6.111370, 7.081428, 9.506575
699, 1817.302124, 7.566458, 7.954481, 6.596399, 7.469452, 10.573640
700, 1819.901978, 8.342505, 6.014364, 6.014364, 7.954481, 11.931722
701, 1822.501831, 9.118551, 4.462270, 5.723346, 8.439510, 12.707768
702, 1825.101685, 9.118551, 3.589217, 4.947299, 8.827534, 13.871839
703, 1827.701538, 8.342505, 3.492211, 4.656281, 9.215557, 14.259862
704, 1830.301392, 7.857475, 4.559276, 3.977241, 9.021545, 14.744892
705, 1832.901245, 8.245499, 4.656281, 4.074246, 9.021545, 14.841898
706, 1835.501099, 8.924540, 4.462270, 4.171252, 10.185616, 14.744892
707, 1838.100952, 8.536516, 3.977241, 4.656281, 12.610763, 14.744892
708, 1840.700806, 7.663464, 4.171252, 4.850293, 14.453874, 14.259862
709, 1843.300659, 8.051487, 5.335323, 4.850293, 13.580821, 13.774833
710, 1845.900513, 9.894598, 7.081428, 4.656281, 12.222739, 12.707768
711, 1848.500366, 12.028728, 9.021545, 4.462270, 12.125733, 11.446692
712, 1851.100342, 12.610763, 11.543698, 4.850293, 14.065850, 10.282621
713, 1853.700195, 12.513757, 13.289804, 4.850293, 13.871839, 10.282621
714, 1856.300049, 12.513757, 14.744892, 4.753287, 11.931722, 10.282621
715, 1858.899902, 12.998786, 15.423933, 4.268258, 8.924540, 10.282621
716, 1861.499756, 13.774833, 14.841898, 4.171252, 7.372446, 10.282621
717, 1864.099609, 13.774833, 12.707768, 3.880235, 6.014364, 11.058669
718, 1866.699463, 13.192798, 9.118551, 3.395205, 5.141311, 12.028728
719, 1869.299316, 12.125733, 6.208375, 2.522152, 4.462270, 12.028728
720, 1871.899170, 11.349687, 4.656281, 2.522152, 4.365264, 11.931722
721, 1874.499023, 10.864657, 4.074246, 3.492211, 4.268258, 11.349687
722, 1877.098877, 10.185616, 4.462270, 5.238317, 4.268258, 11.931722
723, 1879.698730, 9.700586, 5.529335, 6.402387, 4.656281, 12.125733
724, 1882.298584, 9.506575, 6.887416, 6.790411, 5.335323, 12.610763
725, 1884.898438, 10.282621, 8.148493, 6.790411, 6.499393, 12.610763
726, 1887.498291, 10.767652, 8.439510, 6.790411, 7.469452, 12.125733
727, 1890.098145, 11.543698, 8.536516, 6.014364, 9.312563, 10.476634
728, 1892.697998, 12.416751, 8.439510, 5.335323, 11.737710, 8.342505
729, 1895.297852, 13.580821, 9.506575, 4.753287, 14.647886, 7.275440
730, 1897.897705, 14.065850, 10.864657, 4.947299, 15.811956, 7.954481
731, 1900.497681, 13.192798, 11.931722, 4.462270, 14.453874, 9.409569
732, 1903.097534, 11.543698, 11.252681, 3.783229, 10.864657, 10.670646
733, 1905.697388, 10.185616, 10.088610, 3.298199, 8.730528, 10.864657
734, 1908.297241, 9.409569, 8.342505, 3.589217, 8.342505, 10.670646
735, 1910.897095, 9.215557, 6.887416, 3.977241, 9.603580, 9.700586
736, 1913.496948, 8.245499, 6.111370, 4.268258, 9.021545, 8.730528
737, 1916.096802, 7.663464, 6.111370, 4.850293, 6.887416, 7.566458
738, 1918.696655, 7.760469, 6.887416, 6.208375, 4.268258, 6.596399
739, 1921.296509, 9.118551, 7.760469, 7.857475, 3.395205, 5.529335
740, 1923.896362, 10.767652, 9.700586, 9.021545, 3.977241, 4.850293
741, 1926.496216, 12.125733, 11.737710, 9.409569, 4.656281, 4.462270
742, 1929.096069, 13.192798, 13.483815, 9.700586, 4.753287, 4.462270
743, 1931.695923, 13.386809, 14.647886, 9.409569, 4.462270, 4.656281
744, 1934.295776, 13.289804, 15.908962, 9.021545, 4.365264, 5.044305
745, 1936.895630, 12.513757, 16.588003, 8.148493, 3.977241, 5.238317
746, 1939.495483, 11.446692, 16.588003, 7.954481, 4.074246, 5.529335
747, 1942.095337, 10.088610, 15.423933, 7.566458, 4.850293, 5.529335
748, 1944.695190, 8.730528, 15.520939, 7.275440, 6.402387, 6.014364
749, 1947.295044, 7.372446, 15.229921, 6.887416, 8.051487, 6.305381
750, 1949.895020, 5.820352, 14.841898, 7.275440, 8.924540, 6.693405
751, 1952.494873, 4.656281, 11.446692, 7.469452, 9.700586, 6.887416
752, 1955.094727, 3.783229, 9.021545, 7.469452, 10.088610, 7.178434
753, 1957.694580, 3.298199, 7.566458, 7.275440, 10.185616, 7.469452
754, 1960.294434, 2.813170, 8.245499, 7.081428, 9.409569, 8.148493
755, 1962.894287, 2.716164, 8.730528, 7.178434, 8.245499, 9.312563
756, 1965.494141, 2.716164, 7.954481, 6.402387, 7.178434, 11.349687
757, 1968.093994, 2.716164, 6.790411, 5.723346, 6.693405, 12.998786
758, 1970.693848, 2.619159, 5.238317, 5.529335, 6.887416, 14.065850
759, 1973.293701, 2.619159, 4.753287, 6.790411, 7.178434, 14.356868
760, 1975.893555, 3.007182, 4.753287, 8.730528, 7.566458, 14.162856
761, 1978.493408, 3.686223, 4.656281, 10.379628, 7.857475, 13.871839
762, 1981.093262, 4.365264, 4.462270, 11.446692, 8.051487, 12.707768
763, 1983.693115, 5.044305, 4.171252, 11.446692, 8.051487, 11.155675
764, 1986.292969, 5.820352, 4.365264, 10.670646, 7.857475, 9.312563
765, 1988.892822, 6.499393, 4.656281, 9.021545, 7.469452, 7.857475
766, 1991.492676, 7.469452, 4.947299, 6.887416, 6.887416, 6.790411
767, 1994.092529, 8.342505, 5.044305, 4.850293, 6.305381, 5.626340
768, 1996.692383, 9.312563, 5.044305, 3.686223, 5.529335, 4.656281
769, 1999.292358, 9.991604, 5.917358, 3.492211, 4.850293, 3.880235
770, 2001.892212, 11.058669, 7.760469, 3.880235, 4.268258, 3.104188
771, 2004.492065, 12.028728, 10.379628, 4.171252, 4.074246, 2.522152
772, 2007.091919, 12.610763, 12.416751, 4.171252, 3.686223, 2.134129
773, 2009.691772, 12.707768, 13.386809, 3.783229, 3.104188, 2.134129
774, 2012.291626, 12.319745, 13.289804, 3.298199, 3.104188, 2.134129
775, 2014.891479, 13.095792, 12.416751, 3.104188, 3.298199, 2.134129
776, 2017.491333, 15.326927, 10.282621, 3.395205, 4.753287, 2.134129
777, 2020.091187, 19.595184, 7.954481, 4.559276, 6.111370, 2.134129
778, 2022.691040, 22.505362, 6.208375, 5.626340, 7.857475, 2.522152
779, 2025.290894, 23.766438, 5.723346, 6.402387, 8.827534, 3.104188
780, 2027.890747, 21.826321, 5.432329, 6.402387, 9.603580, 3.783229
781, 2030.490601, 18.722132, 4.947299, 6.402387, 9.894598, 4.171252
782, 2033.090454, 14.259862, 4.365264, 6.499393, 10.185616, 4.559276
783, 2035.690308, 10.282621, 3.589217, 6.014364, 9.797592, 4.850293
784, 2038.290161, 7.857475, 2.910176, 4.947299, 9.409569, 5.044305
785, 2040.890015, 7.857475, 2.328141, 3.201194, 8.342505, 5.141311
786, 2043.489868, 9.118551, 2.328141, 2.037123, 7.760469, 5.626340
787, 2046.089844, 9.312563, 2.619159, 1.649100, 7.372446, 6.208375
788, 2048.689697, 8.536516, 2.716164, 1.746106, 7.954481, 7.178434
789, 2051.289551, 8.148493, 3.201194, 1.746106, 8.439510, 7.954481
790, 2053.889404, 8.730528, 4.365264, 1.940117, 9.312563, 8.924540
791, 2056.489258, 9.894598, 5.529335, 3.104188, 9.894598, 9.506575
792, 2059.089111, 9.700586, 5.335323, 5.238317, 10.282621, 10.767652
793, 2061.688965, 9.118551, 3.880235, 7.566458, 9.603580, 11.737710
794, 2064.288818, 8.148493, 2.910176, 10.185616, 8.439510, 12.998786
795, 2066.888672, 7.954481, 2.910176, 12.610763, 7.469452, 12.513757
796, 2069.488525, 8.342505, 3.395205, 15.326927, 6.984422, 12.416751
797, 2072.088379, 8.730528, 2.716164, 17.170038, 6.984422, 11.543698
798, 2074.688232, 9.021545, 2.425147, 17.849079, 7.081428, 11.252681
799, 2077.288086, 8.439510, 2.716164, 16.976027, 7.760469, 10.185616
800, 2079.887939, 7.663464, 3.977241, 15.035910, 9.215557, 9.312563
801, 2082.487793, 6.887416, 5.238317, 12.804774, 10.379628, 8.730528
802, 2085.087646, 5.820352, 6.111370, 10.088610, 10.864657, 8.245499
803, 2087.687500, 4.462270, 6.790411, 7.372446, 11.155675, 8.245499
804, 2090.287354, 3.104188, 7.081428, 4.850293, 12.222739, 7.857475
805, 2092.887207, 2.716164, 7.275440, 3.395205, 13.774833, 7.566458
806, 2095.487061, 2.910176, 7.663464, 2.716164, 14.744892, 6.111370
807, 2098.086914, 3.201194, 7.954481, 2.716164, 14.647886, 5.044305
808, 2100.686768, 3.492211, 8.439510, 3.201194, 13.968844, 4.559276
809, 2103.286621, 3.880235, 9.021545, 4.074246, 12.028728, 4.462270
810, 2105.886475, 4.947299, 9.700586, 5.141311, 10.282621, 4.753287
811, 2108.486328, 5.917358, 9.894598, 5.917358, 8.342505, 5.335323
812, 2111.086182, 6.887416, 10.185616, 6.499393, 7.275440, 6.208375
813, 2113.686035, 6.887416, 10.282621, 6.208375, 5.917358, 7.178434
814, 2116.285889, 6.887416, 11.252681, 5.432329, 5.044305, 7.954481
815, 2118.885742, 6.596399, 12.222739, 4.171252, 4.462270, 8.633522
816, 2121.485840, 5.820352, 13.289804, 4.171252, 5.238317, 9.118551
817, 2124.085693, 5.044305, 13.871839, 4.559276, 6.402387, 8.633522
818, 2126.685547, 4.559276, 14.065850, 5.529335, 7.954481, 7.566458
819, 2129.285400, 5.044305, 13.774833, 4.947299, 9.021545, 5.626340
820, 2131.885254, 5.723346, 12.416751, 4.171252, 10.185616, 3.686223
821, 2134.485107, 6.111370, 10.573640, 2.619159, 10.961663, 2.328141
822, 2137.084961, 6.402387, 9.215557, 2.910176, 11.446692, 2.425147
823, 2139.684814, 6.402387, 8.439510, 3.977241, 10.379628, 3.492211
824, 2142.284668, 6.402387, 8.245499, 5.529335, 9.797592, 4.947299
825, 2144.884521, 6.596399, 8.051487, 6.596399, 9.506575, 6.014364
826, 2147.484375, 6.887416, 8.148493, 7.663464, 9.991604, 6.499393
827, 2150.084229, 7.275440, 8.245499, 8.730528, 9.021545, 6.305381
828, 2152.684082, 7.566458, 8.342505, 9.991604, 8.342505, 6.305381
829, 2155.283936, 7.566458, 8.536516, 11.155675, 7.760469, 6.499393
830, 2157.883789, 7.663464, 9.312563, 12.901780, 8.439510, 7.372446
831, 2160.483643, 6.693405, 10.282621, 15.617945, 9.021545, 8.245499
832, 2163.083496, 6.111370, 11.543698, 19.498178, 9.991604, 9.312563
833, 2165.683350, 5.820352, 12.707768, 23.378414, 10.476634, 9.312563
834, 2168.283203, 7.081428, 13.483815, 26.967630, 10.379628, 10.185616
835, 2170.883057, 8.148493, 13.871839, 29.101761, 9.215557, 11.640704
836, 2173.482910, 9.021545, 14.162856, 30.168825, 7.954481, 14.259862
837, 2176.082764, 9.215557, 14.065850, 30.071819, 6.887416, 14.453874
838, 2178.682617, 9.215557, 13.386809, 29.198767, 6.305381, 13.386809
839, 2181.282471, 8.633522, 11.834716, 27.840683, 6.014364, 11.931722
840, 2183.882324, 7.663464, 10.088610, 25.900566, 6.014364, 11.640704
841, 2186.482178, 6.499393, 9.021545, 23.572426, 6.305381, 13.192798
842, 2189.082031, 5.723346, 9.409569, 21.050274, 6.596399, 14.841898
843, 2191.681885, 5.238317, 11.349687, 18.140097, 6.887416, 16.490997
844, 2194.281738, 6.014364, 13.677827, 15.811956, 7.469452, 16.005968
845, 2196.881592, 8.439510, 15.714951, 13.968844, 8.245499, 14.841898
846, 2199.481445, 12.707768, 16.879021, 12.804774, 9.215557, 12.998786
847, 2202.081299, 17.558062, 17.655067, 12.125733, 9.991604, 11.543698
848, 2204.681152, 22.699373, 18.916143, 11.737710, 10.573640, 10.476634
849, 2207.281006, 27.840683, 20.662249, 11.446692, 10.961663, 9.603580
850, 2209.880859, 32.981995, 21.826321, 11.349687, 11.640704, 9.215557
851, 2212.480713, 37.153248, 21.535303, 11.543698, 11.737710, 9.312563
852, 2215.080566, 39.675400, 19.886202, 11.640704, 12.513757, 10.476634
853, 2217.680420, 40.742462, 18.140097, 10.670646, 13.483815, 12.125733
854, 2220.280518, 40.257435, 16.782015, 8.342505, 14.647886, 13.095792
855, 2222.880371, 38.802345, 15.908962, 7.081428, 14.356868, 13.192798
856, 2225.480225, 36.862228, 14.550880, 6.887416, 12.901780, 12.513757
857, 2228.080078, 34.534088, 13.192798, 8.148493, 11.640704, 11.543698
858, 2230.679932, 32.205948, 12.028728, 7.954481, 10.282621, 10.379628
859, 2233.279785, 29.489784, 11.058669, 6.887416, 9.215557, 9.215557
860, 2235.879639, 27.161642, 10.379628, 5.238317, 7.954481, 8.148493
861, 2238.479492, 24.736496, 9.991604, 4.656281, 7.954481, 7.081428
862, 2241.079346, 22.311350, 9.506575, 5.141311, 8.633522, 6.402387
863, 2243.679199, 19.789196, 9.215557, 6.014364, 9.603580, 5.626340
864, 2246.279053, 17.461056, 8.827534, 6.596399, 10.476634, 5.335323
865, 2248.878906, 15.132915, 8.827534, 7.178434, 11.543698, 5.044305
866, 2251.478760, 12.707768, 8.730528, 7.857475, 13.192798, 5.044305
867, 2254.078613, 10.282621, 8.342505, 8.051487, 14.647886, 4.947299
868, 2256.678467, 8.148493, 7.857475, 7.566458, 16.296986, 4.947299
869, 2259.278320, 6.790411, 7.275440, 6.887416, 17.073032, 5.529335
870, 2261.878174, 5.820352, 7.081428, 6.790411, 17.364050, 6.111370
871, 2264.478027, 5.335323, 7.081428, 7.178434, 16.685009, 6.887416
872, 2267.077881, 5.044305, 7.469452, 7.663464, 15.617945, 7.663464
873, 2269.677734, 5.044305, 7.857475, 7.663464, 14.162856, 8.924540
874, 2272.277588, 5.529335, 8.245499, 7.178434, 12.416751, 10.282621
875, 2274.877441, 5.723346, 8.439510, 6.499393, 10.670646, 11.349687
876, 2277.477295, 5.529335, 8.633522, 6.111370, 8.633522, 11.834716
877, 2280.077148, 4.850293, 8.730528, 5.820352, 7.081428, 11.834716
878, 2282.677002, 4.656281, 8.439510, 5.529335, 6.111370, 10.864657
879, 2285.276855, 4.656281, 7.760469, 4.656281, 6.208375, 9.409569
880, 2287.876709, 4.656281, 6.984422, 4.171252, 7.275440, 8.245499
881, 2290.476563, 4.462270, 6.305381, 4.171252, 9.021545, 8.342505
882, 2293.076416, 5.044305, 5.820352, 5.626340, 11.252681, 9.312563
883, 2295.676270, 5.723346, 5.238317, 7.178434, 13.580821, 9.312563
884, 2298.276123, 6.402387, 4.947299, 9.215557, 16.005968, 9.021545
885, 2300.875977, 5.723346, 4.850293, 11.543698, 18.334108, 8.439510
886, 2303.475830, 4.947299, 4.947299, 14.938904, 20.371231, 9.312563
887, 2306.075684, 4.171252, 5.820352, 18.528120, 21.632309, 9.797592
888, 2308.675537, 4.074246, 7.178434, 21.632309, 21.826321, 10.088610
889, 2311.275391, 4.171252, 9.118551, 23.766438, 21.244286, 9.700586
890, 2313.875244, 4.753287, 11.058669, 25.997572, 20.371231, 10.379628
891, 2316.475098, 5.529335, 13.677827, 29.295773, 19.498178, 10.961663
892, 2319.075195, 6.305381, 16.879021, 34.728100, 19.595184, 11.931722
893, 2321.675049, 6.790411, 20.177219, 41.421505, 20.759256, 12.707768
894, 2324.274902, 6.984422, 22.990391, 47.726887, 23.281408, 14.162856
895, 2326.874756, 6.887416, 23.669432, 52.965202, 26.676613, 16.005968
896, 2329.474609, 7.081428, 22.214344, 56.263401, 31.429901, 18.819138
897, 2332.074463, 7.469452, 19.207161, 57.815495, 37.444263, 22.020332
898, 2334.674316, 8.148493, 15.714951, 57.136456, 43.846653, 25.415537
899, 2337.274170, 7.954481, 11.543698, 53.935261, 50.152035, 28.034695
900, 2339.874023, 7.469452, 7.081428, 48.308922, 53.547237, 28.713736
901, 2342.473877, 6.693405, 3.589217, 40.257435, 53.062210, 26.676613
902, 2345.073730, 6.693405, 2.522152, 31.332895, 48.211914, 22.117338
903, 2347.673584, 6.499393, 1.940117, 22.699373, 41.130486, 17.073032
904, 2350.273438, 6.014364, 1.843112, 15.908962, 33.273014, 12.804774
905, 2352.873291, 5.044305, 1.843112, 10.379628, 26.094578, 10.379628
906, 2355.473145, 4.559276, 3.686223, 6.305381, 19.983208, 8.148493
907, 2358.072998, 4.753287, 5.723346, 2.910176, 15.326927, 5.723346
908, 2360.672852, 5.335323, 7.663464, 1.164070, 12.319745, 3.298199
909, 2363.272705, 6.208375, 9.215557, 0.388023, 10.767652, 2.522152
910, 2365.872559, 6.499393, 10.767652, 0.582035, 10.379628, 2.425147
911, 2368.472412, 6.693405, 11.640704, 0.679041, 10.379628, 2.231135
912, 2371.072266, 6.402387, 11.834716, 0.582035, 10.282621, 1.455088
913, 2373.672119, 6.111370, 11.058669, 0.679041, 10.088610, 1.067065
914, 2376.271973, 5.820352, 9.991604, 1.164070, 9.894598, 1.067065
915, 2378.871826, 5.820352, 8.439510, 2.522152, 9.991604, 1.164070
916, 2381.471680, 5.626340, 6.790411, 3.492211, 10.088610, 1.261076
917, 2384.071533, 5.141311, 5.238317, 4.268258, 9.894598, 1.164070
918, 2386.671387, 4.656281, 4.074246, 4.171252, 9.506575, 0.970059
919, 2389.271240, 4.462270, 3.298199, 4.074246, 9.312563, 0.970059
920, 2391.871094, 4.850293, 2.910176, 3.686223, 9.215557, 1.164070
921, 2394.470947, 5.529335, 2.716164, 3.298199, 8.730528, 1.358082
922, 2397.070801, 6.305381, 2.910176, 2.716164, 8.439510, 1.552094
923, 2399.670654, 6.887416, 3.104188, 2.328141, 7.760469, 2.037123
924, 2402.270508, 7.275440, 3.298199, 1.940117, 7.566458, 3.007182
925, 2404.870361, 7.178434, 3.298199, 1.940117, 6.790411, 3.686223
926, 2407.470215, 6.111370, 3.298199, 1.746106, 6.014364, 4.462270
927, 2410.070068, 5.723346, 3.492211, 1.358082, 4.753287, 4.462270
928, 2412.669922, 6.499393, 3.686223, 0.679041, 3.686223, 4.365264
929, 2415.269775, 8.536516, 3.977241, 0.097006, 3.201194, 3.880235
930, 2417.869873, 10.379628, 3.492211, 0.000000, 3.395205, 3.589217
931, 2420.469727, 12.513757, 3.395205, 0.000000, 3.977241, 3.492211
932, 2423.069580, 16.005968, 3.686223, 0.000000, 4.753287, 5.917358
933, 2425.669434, 20.274225, 4.850293, 0.485029, 5.529335, 9.894598
934, 2428.269287, 22.893385, 5.917358, 1.843112, 6.790411, 15.035910
935, 2430.869141, 21.826321, 6.693405, 3.589217, 7.857475, 16.490997
936, 2433.468994, 17.461056, 7.275440, 4.753287, 8.924540, 14.744892
937, 2436.068848, 12.901780, 8.051487, 5.238317, 9.700586, 10.961663
938, 2438.668701, 10.767652, 9.118551, 5.044305, 9.797592, 8.342505
939, 2441.268555, 10.573640, 9.215557, 4.753287, 9.215557, 7.566458
940, 2443.868408, 10.961663, 8.148493, 4.268258, 8.633522, 7.469452
941, 2446.468262, 10.088610, 5.820352, 4.171252, 8.148493, 6.693405
942, 2449.068115, 8.730528, 4.753287, 3.880235, 7.857475, 5.238317
943, 2451.667969, 7.760469, 4.559276, 4.074246, 7.081428, 4.268258
944, 2454.267822, 7.081428, 4.850293, 4.947299, 8.730528, 4.462270
945, 2456.867676, 6.596399, 5.044305, 6.111370, 12.028728, 5.529335
946, 2459.467529, 6.111370, 5.917358, 6.111370, 16.588003, 6.790411
947, 2462.067383, 6.499393, 7.178434, 5.335323, 19.110155, 8.051487
948, 2464.667236, 7.566458, 8.730528, 3.783229, 20.759256, 9.603580
949, 2467.267090, 8.439510, 10.185616, 3.007182, 22.602367, 10.573640
950, 2469.866943, 6.984422, 11.349687, 2.328141, 25.124519, 10.670646
951, 2472.466797, 5.141311, 10.864657, 2.425147, 26.676613, 9.409569
952, 2475.066650, 2.910176, 10.379628, 3.201194, 26.385595, 8.730528
953, 2477.666504, 2.134129, 9.991604, 5.238317, 24.154461, 8.245499
954, 2480.266357, 1.552094, 10.379628, 8.051487, 21.341291, 7.954481
955, 2482.866211, 1.940117, 9.894598, 10.767652, 18.237103, 6.887416
956, 2485.466064, 2.716164, 9.409569, 12.513757, 15.326927, 5.335323
957, 2488.065918, 3.589217, 8.633522, 13.483815, 11.931722, 3.977241
958, 2490.665771, 4.171252, 8.439510, 13.289804, 9.021545, 2.522152
959, 2493.265625, 4.365264, 7.663464, 11.349687, 6.402387, 1.455088
